{"stats":{"minecraft:custom":{"minecraft:mob_kills":45,"minecraft:interact_with_crafting_table":17,"minecraft:damage_dealt_resisted":1855,"minecraft:leave_game":2,"minecraft:time_since_death":51725,"minecraft:climb_one_cm":11224,"minecraft:damage_resisted":99,"minecraft:sprint_one_cm":690586,"minecraft:walk_one_cm":768136,"minecraft:drop":95,"minecraft:talked_to_villager":1,"minecraft:play_time":147395,"minecraft:deaths":7,"minecraft:sneak_time":8197,"minecraft:walk_under_water_one_cm":19544,"minecraft:jump":2372,"minecraft:walk_on_water_one_cm":80657,"minecraft:total_world_time":147395,"minecraft:interact_with_furnace":3,"minecraft:sleep_in_bed":2,"minecraft:time_since_rest":49326,"minecraft:damage_taken":3136,"minecraft:damage_absorbed":215,"minecraft:trigger_trapped_chest":1,"minecraft:damage_dealt":11725,"minecraft:fly_one_cm":899224,"minecraft:swim_one_cm":78017,"minecraft:open_chest":61,"minecraft:crouch_one_cm":35528,"tombstone:undead_killed":15,"minecraft:interact_with_smoker":13,"minecraft:fall_one_cm":47856},"minecraft:picked_up":{"iceandfire:dragon_skull_lightning":2,"minecraft:crafting_table":2,"iceandfire:witherbone":4,"minecraft:chicken":2,"iceandfire:fire_lily":3,"minecraft:diamond_sword":1,"minecraft:wooden_pickaxe":1,"tombstone:grave_key":1,"minecraft:string":8,"minecraft:raw_copper":8,"minecraft:smooth_stone_slab":1,"minecraft:cracked_stone_bricks":1,"soulslikeuniverse:hollowsoul":1,"minecraft:gold_nugget":381,"minecraft:cobbled_deepslate":91,"minecraft:beef":28,"minecraft:light_gray_wool":1,"minecraft:melon_slice":17,"iceandfire:dragonscales_electric":9,"minecraft:egg":3,"minecraft:raw_iron":27,"minecraft:stick":1,"iceandfire:dragonbone":78,"soulslikeuniverse:spawnmagicwhitephantom":1,"minecraft:torch":2,"minecraft:acacia_log":1,"iceandfire:lightning_dragon_flesh":2,"iceandfire:crackled_gravel":1,"minecraft:pointed_dripstone":2,"tombstone:grave_dust":2,"minecraft:redstone":9,"minecraft:iron_horse_armor":5,"soulslikeuniverse:fullmetalknight_leggings":1,"minecraft:stone_sword":1,"minecraft:rotten_flesh":23,"soulslikeuniverse:estusflask":6,"minecraft:saddle":5,"soulslikeuniverse:repairstone":2,"minecraft:blaze_rod":1,"minecraft:mutton":11,"minecraft:skeleton_skull":1,"minecraft:white_wool":6,"minecraft:cobblestone":73,"iceandfire:dragonscales_black":38,"minecraft:feather":3,"minecraft:cooked_beef":1,"minecraft:andesite":7,"minecraft:jungle_log":11,"minecraft:cut_sandstone":1,"minecraft:brown_wool":1,"soulslikeuniverse:siegmeyershield":1,"minecraft:leather":8,"minecraft:smoker":1,"minecraft:crimson_fungus":1,"minecraft:tuff":39,"minecraft:oak_log":11,"minecraft:chainmail_chestplate":1,"minecraft:jungle_button":3,"minecraft:lapis_lazuli":39,"minecraft:dirt":16,"iceandfire:dragonscales_bronze":10,"tombstone:gift":1,"minecraft:bone":3,"minecraft:stone_bricks":3,"minecraft:wheat_seeds":8,"minecraft:iron_ingot":1,"minecraft:stone_pickaxe":1,"minecraft:cooked_chicken":5,"minecraft:glowstone_dust":2,"iceandfire:fire_dragon_flesh":2,"minecraft:iron_sword":3,"iceandfire:chared_stone":61,"iceandfire:copper_nugget":32,"soulslikeuniverse:wanderer_chestplate":2,"minecraft:warped_wart_block":1,"minecraft:dripstone_block":5,"iceandfire:dragon_skull_fire":3,"minecraft:sand":46,"iceandfire:lightning_dragon_heart":1,"minecraft:spider_eye":1,"iceandfire:chared_cobblestone":26,"travelersbackpack:standard":1,"minecraft:warped_roots":1,"soulslikeuniverse:dagger":1,"minecraft:emerald":11,"minecraft:bread":45,"soulslikeuniverse:knightsoul":4,"minecraft:terracotta":1,"minecraft:netherrack":86,"minecraft:oak_sapling":1,"soulslikeuniverse:ironroundshield":1,"iceandfire:raw_silver":5,"minecraft:coal":44},"minecraft:used":{"minecraft:stone_sword":96,"minecraft:chest":1,"minecraft:iron_sword":232,"minecraft:netherrack":7,"minecraft:torch":18,"minecraft:dirt":5,"minecraft:carrot":1,"minecraft:tuff":3,"minecraft:obsidian":3,"minecraft:iron_helmet":1,"soulslikeuniverse:estusflask":3,"minecraft:iron_boots":1,"minecraft:stone_bricks":2,"iceandfire:chared_stone":1,"tombstone:gift":2,"minecraft:cooked_beef":12,"minecraft:cobbled_deepslate":27,"minecraft:enchanted_golden_apple":1,"epicfight:skillbook":1,"iceandfire:fire_dragon_flesh":2,"minecraft:stone_pickaxe":155,"minecraft:wooden_pickaxe":16,"minecraft:sand":8,"minecraft:crafting_table":3,"minecraft:smoker":1,"minecraft:diamond_pickaxe":182,"minecraft:bread":25,"minecraft:melon_slice":16,"iceandfire:chared_cobblestone":8,"minecraft:stone_axe":9,"minecraft:cobblestone":21,"travelersbackpack:standard":2,"iceandfire:dragon_skull_fire":1,"minecraft:bucket":5,"soulslikeuniverse:dagger":1,"minecraft:experience_bottle":1},"minecraft:mined":{"minecraft:tuff":20,"iceandfire:silver_ore":5,"minecraft:jungle_leaves":20,"minecraft:acacia_log":1,"minecraft:grass_block":6,"minecraft:jungle_log":11,"minecraft:spawner":1,"minecraft:magma_block":2,"minecraft:iron_ore":16,"minecraft:fire":15,"minecraft:deepslate_lapis_ore":4,"minecraft:vine":1,"minecraft:deepslate_iron_ore":10,"iceandfire:gold_pile":20,"minecraft:stone":62,"iceandfire:chared_cobblestone":28,"minecraft:smoker":1,"minecraft:crafting_table":2,"minecraft:emerald_ore":9,"minecraft:melon":3,"iceandfire:fire_lily":1,"minecraft:cobblestone":12,"minecraft:lapis_ore":2,"minecraft:smooth_stone_slab":1,"minecraft:grass":8,"minecraft:oak_log":11,"minecraft:coal_ore":44,"minecraft:sand":41,"minecraft:dirt":9,"minecraft:netherrack":5,"minecraft:deepslate":93,"minecraft:oak_leaves":2,"minecraft:fern":2,"iceandfire:chared_stone":32},"minecraft:killed":{"soulslikeuniverse:hollowknight":1,"minecraft:spider":3,"minecraft:horse":1,"minecraft:skeleton":1,"soulslikeuniverse:thief":1,"iceandfire:fire_dragon":1,"minecraft:chicken":2,"minecraft:husk":1,"soulslikeuniverse:mountedknight":2,"soulslikeuniverse:twistedsouls":1,"iceandfire:cockatrice":2,"minecraft:sheep":6,"minecraft:zombie":8,"soulslikeuniverse:monstergodricksoldier":3,"minecraft:wither_skeleton":1,"minecraft:blaze":2,"minecraft:cow":6},"minecraft:dropped":{"iceandfire:chared_stone":22,"minecraft:iron_ingot":10,"minecraft:bread":6,"minecraft:iron_sword":1,"minecraft:wheat_seeds":9,"minecraft:dripstone_block":5,"minecraft:feather":1,"minecraft:iron_helmet":1,"minecraft:warped_roots":1,"minecraft:cracked_stone_bricks":1,"minecraft:iron_horse_armor":3,"minecraft:saddle":3,"soulslikeuniverse:ironroundshield":1,"minecraft:dirt":1,"minecraft:jungle_button":3,"iceandfire:dragonscales_black":19,"iceandfire:copper_nugget":24,"minecraft:torch":1,"tombstone:grave_key":1,"minecraft:melon_slice":1,"minecraft:brown_wool":1,"minecraft:cut_sandstone":1,"tombstone:grave_dust":3,"minecraft:iron_leggings":2,"minecraft:gold_nugget":66,"minecraft:string":8,"minecraft:white_wool":1,"minecraft:redstone":9,"minecraft:crimson_fungus":1,"minecraft:stone_axe":1,"minecraft:stone_sword":3,"minecraft:raw_copper":8,"minecraft:smooth_stone_slab":1,"soulslikeuniverse:dagger":1,"minecraft:tuff":36,"minecraft:obsidian":3,"minecraft:pointed_dripstone":2,"minecraft:rotten_flesh":23,"soulslikeuniverse:siegmeyershield":1,"minecraft:light_gray_wool":1,"minecraft:iron_boots":1,"iceandfire:dragonscales_electric":9,"minecraft:glowstone_dust":2,"iceandfire:fire_lily":2,"iceandfire:crackled_gravel":1,"minecraft:chainmail_chestplate":1,"minecraft:diamond_sword":1,"iceandfire:chared_cobblestone":18,"travelersbackpack:white_sleeping_bag":1,"minecraft:skeleton_skull":1,"minecraft:andesite":7,"minecraft:oak_sapling":1,"minecraft:chest":3,"minecraft:stone_bricks":1,"minecraft:spider_eye":1,"soulslikeuniverse:wanderer_chestplate":1,"minecraft:stone_pickaxe":2,"minecraft:wooden_pickaxe":1,"minecraft:netherrack":2,"minecraft:terracotta":1},"minecraft:crafted":{"minecraft:oak_planks":44,"travelersbackpack:white_sleeping_bag":1,"iceandfire:armor_black_helmet":1,"minecraft:stone_pickaxe":2,"minecraft:chest":4,"iceandfire:armor_bronze_chestplate":1,"minecraft:cooked_beef":11,"iceandfire:armor_black_leggings":1,"minecraft:crafting_table":2,"minecraft:wooden_pickaxe":2,"iceandfire:armor_black_boots":1,"minecraft:bucket":1,"minecraft:stone_axe":1,"minecraft:air":0,"minecraft:jungle_planks":44,"iceandfire:bestiary":1,"minecraft:diamond_pickaxe":1,"minecraft:stick":20,"minecraft:stone_sword":2,"minecraft:gold_ingot":21,"minecraft:acacia_planks":4,"minecraft:torch":16},"minecraft:broken":{"minecraft:stone_pickaxe":1},"minecraft:killed_by":{"soulslikeuniverse:nightmareknight":1,"soulslikeuniverse:mountedknight":1,"soulslikeuniverse:castleguard":1,"iceandfire:fire_dragon":3}},"DataVersion":3465}