{
  "minecraft:recipes/decorations/crafting_table": {
    "criteria": {
      "unlock_right_away": "2024-05-12 18:34:44 +0000"
    },
    "done": true
  },
  "betterdeserttemples:root": {
    "criteria": {
      "always": "2024-05-12 18:34:44 +0000"
    },
    "done": true
  },
  "iceandfire:iceandfire/root": {
    "criteria": {
      "tick": "2024-05-12 18:34:44 +0000"
    },
    "done": true
  },
  "soulslikeuniverse:soulslikeuniverse": {
    "criteria": {
      "soulslikeuniverse": "2024-05-12 18:34:44 +0000"
    },
    "done": true
  },
  "betterdungeons:root": {
    "criteria": {
      "always": "2024-05-12 18:34:44 +0000"
    },
    "done": true
  },
  "minecraft:adventure/adventuring_time": {
    "criteria": {
      "minecraft:jungle": "2024-05-12 18:34:45 +0000"
    },
    "done": false
  },
  "tombstone:adventure/root": {
    "criteria": {
      "auto": "2024-05-12 18:34:45 +0000"
    },
    "done": true
  },
  "DataVersion": 3465
}